act_id,cost,duration,es,ls,ef,lf,slack,prev_act_id1,...,prev_act_idN
START;0.0;0;0;0;0;0;0
A1;0.0;1;0;0;1;1;0
A2;5536.0;2;1;1;3;3;0;A1
A3;6600.0;9;3;3;12;12;0;A1;A2
A4;6337.0;1;3;11;4;12;8;A2
A5;4861.0;8;12;123;20;131;111;A2;A3;A1
A6;5452.0;8;4;26;12;34;22;A4;A1;A2
A7;4397.0;9;12;43;21;52;31;A3;A2
A8;6419.0;7;1;15;8;22;14;A1
A9;8471.0;10;12;12;22;22;0;A3;A4;A2
A10;1450.0;5;22;52;27;57;30;A1;A9;A7
A11;2927.0;10;4;37;14;47;33;A1;A4
A12;6827.0;1;14;61;15;62;47;A4;A11;A8
A13;8248.0;10;22;22;32;32;0;A9;A8
A14;5588.0;9;22;33;31;42;11;A2;A9
A15;3404.0;9;32;32;41;41;0;A2;A13
A16;6043.0;3;41;41;44;44;0;A15;A2
A17;1891.0;10;22;56;32;66;34;A9;A1;A11
A18;3169.0;10;31;42;41;52;11;A3;A14;A6
A19;5423.0;10;12;34;22;44;22;A6
A20;1330.0;3;32;44;35;47;12;A19;A13
A21;6760.0;5;27;77;32;82;50;A10;A2;A3
A22;7631.0;9;27;71;36;80;44;A10
A23;2551.0;7;32;69;39;76;37;A13
A24;8556.0;5;32;61;37;66;29;A13
A25;7986.0;4;15;62;19;66;47;A12;A8;A6
A26;9096.0;6;41;52;47;58;11;A18
A27;4361.0;2;44;62;46;64;18;A16;A11;A1
A28;4417.0;4;37;66;41;70;29;A24;A8;A17
A29;9070.0;10;31;66;41;76;35;A25;A14
A30;6141.0;3;44;44;47;47;0;A16
A31;6801.0;3;44;107;47;110;63;A16;A24
A32;4310.0;10;14;47;24;57;33;A1;A11
A33;8830.0;3;46;64;49;67;18;A27;A4;A19
A34;8359.0;1;27;57;28;58;30;A32;A10;A1
A35;6835.0;7;35;79;42;86;44;A20
A36;7701.0;9;41;76;50;85;35;A17;A29
A37;8736.0;10;47;58;57;68;11;A34;A26;A18
A38;4511.0;6;49;74;55;80;25;A33;A17
A39;3711.0;1;50;85;51;86;35;A3;A13;A36
A40;3764.0;1;39;76;40;77;37;A23;A8
A41;6588.0;10;47;47;57;57;0;A15;A20;A30
A42;5958.0;10;57;57;67;67;0;A41
A43;4257.0;9;14;99;23;108;85;A11
A44;7543.0;1;67;88;68;89;21;A42;A24
A45;2048.0;3;21;70;24;73;49;A25;A11;A7
A46;1302.0;4;39;98;43;102;59;A23;A25
A47;6923.0;10;22;68;32;78;46;A19
A48;8492.0;7;46;78;53;85;32;A47;A27;A8
A49;2117.0;8;57;114;65;122;57;A37;A10
A50;9965.0;5;32;81;37;86;49;A47
A51;9777.0;7;41;76;48;83;35;A18
A52;6680.0;8;12;69;20;77;57;A6
A53;6568.0;3;53;85;56;88;32;A48;A9;A13
A54;8837.0;2;41;77;43;79;36;A34;A24;A18
A55;2874.0;10;67;67;77;77;0;A32;A33;A42
A56;6793.0;10;57;68;67;78;11;A2;A37
A57;9485.0;7;56;121;63;128;65;A53;A17
A58;2782.0;5;8;104;13;109;96;A8;A2
A59;2479.0;5;67;78;72;83;11;A28;A56;A3
A60;4102.0;6;77;77;83;83;0;A55;A10;A40
A61;9576.0;2;24;73;26;75;49;A45
A62;9708.0;1;35;111;36;112;76;A20;A19
A63;2756.0;4;43;88;47;92;45;A23;A54
A64;5314.0;1;36;80;37;81;44;A22
A65;7618.0;6;83;83;89;89;0;A6;A60
A66;2903.0;1;20;85;21;86;65;A52
A67;9276.0;9;41;70;50;79;29;A32;A28;A11
A68;4160.0;5;26;75;31;80;49;A61
A69;3935.0;2;41;114;43;116;73;A28;A25
A70;3394.0;1;53;98;54;99;45;A48
A71;3495.0;1;57;115;58;116;58;A33;A7;A41
A72;3390.0;5;37;131;42;136;94;A24
A73;3358.0;5;89;109;94;114;20;A58;A65
A74;2307.0;6;22;103;28;109;81;A9
A75;6870.0;4;55;87;59;91;32;A38
A76;8296.0;7;31;77;38;84;46;A6;A52;A14
A77;1873.0;7;67;127;74;134;60;A9;A30;A42
A78;4001.0;9;48;137;57;146;89;A51
A79;8713.0;2;31;80;33;82;49;A3;A68
A80;8661.0;7;41;81;48;88;40;A64;A18
A81;9788.0;9;37;111;46;120;74;A64
A82;4033.0;7;32;97;39;104;65;A13
A83;3520.0;3;28;86;31;89;58;A34;A11;A12
A84;2779.0;2;50;79;52;81;29;A67;A54
A85;1705.0;1;67;88;68;89;21;A12;A56
A86;2341.0;4;36;112;40;116;76;A62;A61
A87;6638.0;9;38;84;47;93;46;A76
A88;8768.0;4;55;83;59;87;28;A38;A51;A15
A89;8559.0;1;49;104;50;105;55;A33;A82;A3
A90;2815.0;6;68;89;74;95;21;A85;A18;A83
A91;4111.0;9;57;110;66;119;53;A37;A31
A92;3338.0;1;51;123;52;124;72;A39;A50;A33
A93;5718.0;10;41;122;51;132;81;A6;A28;A18
A94;2531.0;10;37;86;47;96;49;A50
A95;3358.0;9;89;99;98;108;10;A7;A65;A63
A96;3304.0;3;72;83;75;86;11;A59;A41
A97;8626.0;10;77;80;87;90;3;A55
A98;9034.0;7;74;95;81;102;21;A1;A90
A99;1774.0;5;89;89;94;94;0;A65
A100;9571.0;6;57;117;63;123;60;A37;A15
A101;9827.0;3;35;131;38;134;96;A20
A102;4464.0;2;32;81;34;83;49;A47
A103;8340.0;7;55;80;62;87;25;A38;A47
A104;1669.0;10;41;82;51;92;41;A21;A79;A29
A105;9980.0;1;40;148;41;149;108;A13;A86
A106;3764.0;3;47;86;50;89;39;A30
A107;5224.0;7;83;89;90;96;6;A60;A44
A108;6249.0;2;38;104;40;106;66;A76
A109;5067.0;3;77;116;80;119;39;A87;A55
A110;3684.0;1;50;89;51;90;39;A6;A106
A111;5139.0;1;67;148;68;149;81;A39;A56;A71
A112;3567.0;4;51;141;55;145;90;A61;A93
A113;3432.0;7;58;116;65;123;58;A71
A114;7334.0;6;50;99;56;105;49;A36
A115;3423.0;1;94;94;95;95;0;A99;A102;A79
A116;3349.0;3;56;88;59;91;32;A53;A52
A117;4102.0;5;68;127;73;132;59;A51;A87;A44
A118;7347.0;1;68;141;69;142;73;A85;A1;A94
A119;7706.0;4;40;106;44;110;66;A82;A108;A34
A120;8547.0;4;13;124;17;128;111;A58
A121;3148.0;6;62;87;68;93;25;A88;A103
A122;1212.0;1;48;88;49;89;40;A80
A123;7144.0;5;37;119;42;124;82;A32;A24
A124;2626.0;6;28;109;34;115;81;A74
A125;2278.0;8;87;90;95;98;3;A97
A126;8683.0;4;83;92;87;96;9;A63;A60;A104
A127;1231.0;9;98;108;107;117;10;A43;A95;A66
A128;1697.0;2;52;81;54;83;29;A84;A68
A129;3831.0;3;44;116;47;119;72;A16;A69
A130;7473.0;1;54;130;55;131;76;A70
A131;8095.0;8;34;83;42;91;49;A102
A132;2351.0;9;59;133;68;142;74;A15;A21;A116
A133;1169.0;3;94;132;97;135;38;A99;A117;A102
A134;3594.0;9;51;86;60;95;35;A4;A35;A39
A135;4770.0;4;47;110;51;114;63;A94;A21;A119
A136;3006.0;1;94;115;95;116;21;A124;A73
A137;2482.0;2;33;87;35;89;54;A34;A79;A4
A138;4500.0;9;47;93;56;102;46;A87
A139;8486.0;8;95;127;103;135;32;A14;A74;A115
A140;4206.0;6;74;128;80;134;54;A90
A141;6311.0;1;50;128;51;129;78;A36;A27
A142;9062.0;10;42;92;52;102;50;A47;A2;A35
A143;8361.0;5;63;123;68;128;60;A100;A114
A144;2245.0;9;37;147;46;156;110;A64;A1;A34
A145;7385.0;1;59;154;60;155;95;A105;A88
A146;2656.0;6;68;142;74;148;74;A2;A132
A147;8659.0;7;68;93;75;100;25;A121;A137
A148;8167.0;8;62;119;70;127;57;A103;A129;A29
A149;4347.0;6;19;126;25;132;107;A25
A150;2950.0;4;87;123;91;127;36;A97;A24;A106
A151;1316.0;7;22;119;29;126;97;A9
A152;8671.0;6;4;117;10;123;113;A4
A153;6232.0;4;62;121;66;125;59;A103
A154;7966.0;5;95;124;100;129;29;A40;A13;A136
A155;6126.0;7;51;114;58;121;63;A135
A156;5266.0;7;77;125;84;132;48;A59;A49;A55
A157;3865.0;5;94;114;99;119;20;A73
A158;6455.0;9;54;83;63;92;29;A128
A159;8910.0;4;57;121;61;125;64;A37;A32
A160;5083.0;8;50;126;58;134;76;A67
A161;7290.0;6;65;135;71;141;70;A49
A162;8180.0;9;51;90;60;99;39;A110
A163;7268.0;9;90;137;99;146;47;A41;A39;A107
A164;5657.0;3;75;86;78;89;11;A66;A96;A84
A165;5461.0;2;98;120;100;122;22;A95
A166;8539.0;8;53;134;61;142;81;A48;A30
A167;6962.0;10;31;119;41;129;88;A12;A83
A168;4344.0;1;87;123;88;124;36;A89;A126;A22
A169;8080.0;4;32;103;36;107;71;A13;A83
A170;3442.0;8;31;123;39;131;92;A68;A34
A171;1791.0;3;57;132;60;135;75;A6;A41
A172;3301.0;5;95;99;100;104;4;A125;A24
A173;7631.0;10;32;119;42;129;87;A17
A174;8199.0;6;59;91;65;97;32;A88;A116;A13
A175;1891.0;8;75;105;83;113;30;A147
A176;9460.0;1;80;151;81;152;71;A135;A109;A2
A177;2605.0;7;10;129;17;136;119;A152
A178;1190.0;10;65;124;75;134;59;A49;A135;A51
A179;4868.0;5;71;150;76;155;79;A161;A173;A57
A180;9291.0;9;95;143;104;152;48;A136;A63
A181;2981.0;2;75;100;77;102;25;A25;A147
A182;6190.0;6;60;137;66;143;77;A134
A183;7846.0;3;22;117;25;120;95;A19
A184;2667.0;10;80;119;90;129;39;A109
A185;3973.0;5;80;120;85;125;40;A137;A81;A109
A186;5266.0;3;52;126;55;129;74;A92
A187;9485.0;2;59;136;61;138;77;A75
A188;9091.0;6;60;95;66;101;35;A76;A134
A189;6479.0;8;100;129;108;137;29;A13;A141;A154
A190;9997.0;4;47;101;51;105;54;A26
A191;3224.0;10;51;105;61;115;54;A1;A89;A190
A192;7753.0;7;44;149;51;156;105;A119
A193;1771.0;10;66;101;76;111;35;A188;A11;A87
A194;4397.0;3;34;122;37;125;88;A124
A195;7631.0;1;63;128;64;129;65;A57
A196;2491.0;5;61;132;66;137;71;A191
A197;9179.0;10;15;111;25;121;96;A12
A198;9592.0;3;68;128;71;131;60;A143;A11
A199;3122.0;10;72;115;82;125;43;A59;A102
A200;4156.0;1;19;134;20;135;115;A12;A25
A201;2829.0;3;108;153;111;156;45;A189;A167
A202;4728.0;10;71;137;81;147;66;A188;A4;A198
A203;5277.0;4;63;92;67;96;29;A18;A158
A204;1761.0;5;65;97;70;102;32;A22;A174
A205;8261.0;4;28;152;32;156;124;A74
A206;9491.0;4;83;123;87;127;40;A137;A91;A60
A207;1101.0;10;88;124;98;134;36;A168;A18;A92
A208;6582.0;3;51;121;54;124;70;A197;A104;A33
A209;1349.0;5;59;110;64;115;51;A14;A88
A210;5134.0;6;100;129;106;135;29;A100;A154
A211;7154.0;5;12;138;17;143;126;A3
A212;9922.0;2;39;144;41;146;105;A23;A183;A3
A213;1119.0;6;107;125;113;131;18;A127;A199
A214;8532.0;5;25;121;30;126;96;A8;A197;A19
A215;1322.0;2;10;123;12;125;113;A152
A216;1578.0;8;83;135;91;143;52;A60
A217;7701.0;3;47;129;50;132;82;A129;A169
A218;9431.0;1;80;125;81;126;45;A109;A88;A114
A219;4953.0;5;54;124;59;129;70;A208
A220;7390.0;1;83;122;84;123;39;A22;A51;A60
A221;8676.0;10;78;89;88;99;11;A164;A122;A137
A222;6869.0;8;47;114;55;122;67;A11;A63
A223;3395.0;5;27;131;32;136;104;A10
A224;9160.0;1;67;133;68;134;66;A149;A56;A131
A225;8575.0;8;90;96;98;104;6;A203;A94;A107
A226;2316.0;3;100;124;103;127;24;A165
A227;2729.0;8;77;148;85;156;71;A85;A6;A55
A228;3590.0;10;65;129;75;139;64;A113;A174
A229;1917.0;6;95;98;101;104;3;A134;A125
A230;4307.0;3;47;153;50;156;106;A63;A101
A231;5650.0;2;37;123;39;125;86;A24;A66
A232;9798.0;3;107;128;110;131;21;A120;A127
A233;5391.0;7;107;134;114;141;27;A127
A234;2113.0;4;40;101;44;105;61;A40
A235;8504.0;10;61;125;71;135;64;A159
A236;1730.0;8;90;127;98;135;37;A107;A109
A237;2528.0;7;83;127;90;134;44;A60;A80;A159
A238;8369.0;9;71;147;80;156;76;A235
A239;2522.0;5;59;91;64;96;32;A75;A131
A240;6834.0;6;70;118;76;124;48;A204;A142
A241;8452.0;9;76;124;85;133;48;A240;A51;A63
A242;7815.0;1;68;147;69;148;79;A15;A224;A68
A243;1803.0;9;91;141;100;150;50;A44;A150
A244;4215.0;5;65;122;70;127;57;A24;A49;A20
A245;2094.0;5;94;151;99;156;57;A99;A209;A80
A246;7673.0;6;32;150;38;156;118;A13
A247;5025.0;9;87;96;96;105;9;A239;A20;A126
A248;9694.0;7;19;149;26;156;130;A25
A249;6734.0;3;100;104;103;107;4;A24;A172;A225
A250;9393.0;6;61;125;67;131;64;A194;A159;A215
A251;4539.0;3;59;127;62;130;68;A69;A88;A66
A252;9884.0;4;65;129;69;133;64;A174;A22
A253;3410.0;2;54;154;56;156;100;A70
A254;1753.0;1;66;123;67;124;57;A197;A188;A2
A255;3870.0;2;65;123;67;125;58;A113
A256;7220.0;4;95;134;99;138;39;A160;A115;A110
A257;6667.0;3;85;133;88;136;48;A68;A241
A258;4890.0;1;110;147;111;148;37;A232;A34
A259;2369.0;4;63;135;67;139;72;A158;A103
A260;6607.0;8;47;148;55;156;101;A30
A261;3472.0;9;50;127;59;136;77;A106
A262;6913.0;4;41;137;45;141;96;A167
A263;9319.0;5;107;117;112;122;10;A225;A127;A138
A264;2790.0;4;90;129;94;133;39;A184;A173;A195
A265;1927.0;4;64;115;68;119;51;A88;A209;A191
A266;2324.0;2;95;138;97;140;43;A86;A136;A75
A267;3588.0;4;99;152;103;156;53;A163;A58
A268;7179.0;4;103;128;107;132;25;A226;A162
A269;9409.0;9;97;135;106;144;38;A28;A133;A74
A270;1897.0;7;88;136;95;143;48;A257
A271;1272.0;4;50;120;54;124;70;A106;A183
A272;4288.0;1;58;121;59;122;63;A234;A69;A155
A273;9129.0;3;84;123;87;126;39;A220;A181;A88
A274;9070.0;3;32;136;35;139;104;A21
A275;9923.0;3;24;144;27;147;120;A32
A276;8975.0;3;66;137;69;140;71;A196;A14
A277;3272.0;5;69;142;74;147;73;A118
A278;7139.0;2;17;131;19;133;114;A120
A279;7614.0;6;70;127;76;133;57;A254;A148
A280;5469.0;3;22;153;25;156;131;A19
A281;9686.0;8;15;140;23;148;125;A12
A282;1019.0;6;14;142;20;148;128;A11
A283;9795.0;3;88;99;91;102;11;A162;A221;A70
A284;1497.0;2;88;131;90;133;43;A168;A198;A170
A285;6556.0;6;94;139;100;145;45;A124;A148;A99
A286;1575.0;2;91;144;93;146;53;A283
A287;8759.0;6;71;150;77;156;79;A235
A288;4888.0;4;98;134;102;138;36;A185;A207;A140
A289;5288.0;2;50;145;52;147;95;A36
A290;3589.0;2;54;147;56;149;93;A208;A13
A291;1334.0;3;56;147;59;150;91;A114
A292;1484.0;4;77;134;81;138;57;A181;A224;A77
A293;3931.0;6;25;130;31;136;105;A183
A294;4974.0;7;114;141;121;148;27;A233;A133;A188
A295;9253.0;7;47;142;54;149;95;A7;A47;A129
A296;5932.0;9;59;147;68;156;88;A272
A297;7619.0;7;108;141;115;148;33;A189;A194;A266
A298;8161.0;2;77;102;79;104;25;A138;A181
A299;5171.0;9;95;95;104;104;0;A131;A115
A300;4856.0;10;104;104;114;114;0;A229;A299;A298
A301;9913.0;7;91;102;98;109;11;A283;A142;A46
A302;1387.0;2;103;117;105;119;14;A86;A249
A303;5853.0;3;100;150;103;153;50;A134;A34;A243
A304;8081.0;7;87;126;94;133;39;A214;A273;A199
A305;2778.0;5;105;119;110;124;14;A302
A306;5628.0;7;67;131;74;138;64;A250
A307;2446.0;10;94;136;104;146;42;A255;A73
A308;4355.0;7;64;133;71;140;69;A195
A309;8077.0;6;103;107;109;113;4;A169;A249
A310;2240.0;7;66;125;73;132;59;A153;A23
A311;8243.0;2;50;144;52;146;94;A106
A312;3663.0;3;41;129;44;132;88;A167
A313;7716.0;5;99;144;104;149;45;A157;A218
A314;3340.0;7;59;122;66;129;63;A272
A315;8251.0;5;70;151;75;156;81;A244;A88
A316;9316.0;9;90;130;99;139;40;A251;A184
A317;5381.0;3;69;133;72;136;64;A31;A252
A318;2315.0;5;84;132;89;137;48;A156;A312
A319;8852.0;8;96;105;104;113;9;A247
A320;1319.0;3;54;124;57;127;70;A271;A4
A321;6178.0;4;59;136;63;140;77;A261
A322;4308.0;5;63;151;68;156;88;A321
A323;4406.0;1;44;132;45;133;88;A149;A234
A324;8543.0;2;88;146;90;148;58;A168
A325;2327.0;4;98;109;102;113;11;A134;A301
A326;4684.0;4;32;144;36;148;112;A223
A327;3396.0;6;70;130;76;136;60;A214;A148
A328;1142.0;9;75;139;84;148;64;A39;A228;A33
A329;9852.0;5;51;120;56;125;69;A64;A27;A39
A330;6628.0;1;41;155;42;156;114;A28
A331;1881.0;7;76;111;83;118;35;A68;A193
A332;9121.0;1;76;145;77;146;69;A327;A38
A333;6937.0;8;37;114;45;122;77;A50
A334;5688.0;8;121;148;129;156;27;A9;A294;A127
A335;4928.0;3;94;144;97;147;50;A265;A99
A336;1252.0;4;64;129;68;133;65;A219;A239
A337;8539.0;2;83;143;85;145;60;A331
A338;6107.0;3;85;125;88;128;40;A134;A185
A339;9645.0;5;51;149;56;154;98;A110
A340;6249.0;5;74;138;79;143;64;A306
A341;8204.0;6;58;148;64;154;90;A112;A160
A342;9729.0;6;68;115;74;121;47;A85
A343;7010.0;2;67;129;69;131;62;A21;A186;A255
A344;7590.0;5;45;122;50;127;77;A46;A333;A102
A345;1934.0;5;89;124;94;129;35;A65;A254
A346;3368.0;9;55;131;64;140;76;A12;A130
A347;2900.0;2;98;147;100;149;49;A95
A348;8089.0;9;65;147;74;156;82;A49;A122
A349;1659.0;2;41;123;43;125;82;A15
A350;1926.0;3;83;129;86;132;46;A331;A159
A351;9101.0;3;102;151;105;154;49;A110;A181;A325
A352;9975.0;3;113;131;116;134;18;A213
A353;6130.0;10;42;124;52;134;82;A123
A354;6326.0;2;72;145;74;147;73;A112;A209;A317
A355;5125.0;8;41;146;49;154;105;A212
A356;6633.0;6;70;149;76;155;79;A182;A12;A204
A357;5185.0;6;102;113;108;119;11;A325;A89;A175
A358;4150.0;8;75;134;83;142;59;A101;A14;A178
A359;9731.0;10;46;140;56;150;94;A17;A27
A360;8260.0;5;60;147;65;152;87;A162
A361;3184.0;2;63;112;65;114;49;A158
A362;1105.0;1;63;141;64;142;78;A54;A100
A363;8666.0;3;81;102;84;105;21;A98;A204
A364;1794.0;9;100;122;109;131;22;A222;A165
A365;9386.0;1;121;148;122;149;27;A294
A366;9706.0;1;30;127;31;128;97;A214
A367;6478.0;10;99;146;109;156;47;A163;A8;A221
A368;9593.0;1;29;155;30;156;126;A151
A369;8847.0;10;114;138;124;148;24;A288;A300
A370;7910.0;5;81;139;86;144;58;A218;A190
A371;9406.0;5;40;151;45;156;111;A20;A40
A372;3565.0;2;84;133;86;135;49;A278;A220
A373;4512.0;1;88;143;89;144;55;A257
A374;9290.0;7;87;145;94;152;58;A126;A312;A170
A375;3190.0;1;109;113;110;114;4;A319;A309
A376;8497.0;8;91;127;99;135;36;A31;A320;A150
A377;5890.0;2;97;148;99;150;51;A133;A85
A378;4203.0;4;86;144;90;148;58;A370
A379;4434.0;1;62;138;63;139;76;A103
A380;5078.0;10;74;137;84;147;63;A342
A381;1929.0;1;114;114;115;115;0;A43;A85;A300
A382;8569.0;5;108;139;113;144;31;A316;A357
A383;8082.0;1;85;135;86;136;50;A138;A241
A384;7570.0;2;105;154;107;156;49;A351;A339;A191
A385;4768.0;1;103;148;104;149;45;A43;A226;A306
A386;8116.0;5;56;116;61;121;60;A114;A86;A16
A387;4959.0;1;87;150;88;151;63;A206;A36
A388;4794.0;7;122;149;129;156;27;A125;A342;A365
A389;5732.0;10;94;133;104;143;39;A304;A272
A390;9415.0;9;100;147;109;156;47;A53;A154
A391;5629.0;9;64;137;73;146;73;A119;A195
A392;7344.0;2;50;136;52;138;86;A344
A393;2184.0;3;83;143;86;146;60;A124;A331
A394;9135.0;4;45;133;49;137;88;A323
A395;8427.0;1;108;155;109;156;47;A394;A247;A189
A396;2117.0;2;85;154;87;156;69;A241
A397;8515.0;4;67;138;71;142;71;A203
A398;3274.0;9;95;147;104;156;52;A115;A166
A399;7416.0;2;31;135;33;137;104;A83
A400;8195.0;2;73;154;75;156;81;A391
A401;9029.0;4;88;133;92;137;45;A181;A21;A338
A402;1867.0;10;85;133;95;143;48;A241;A336
A403;3121.0;10;74;136;84;146;62;A77;A129;A317
A404;8013.0;8;68;148;76;156;80;A4;A121
A405;4984.0;5;47;132;52;137;85;A30
A406;6873.0;6;110;114;116;120;4;A361;A85;A375
A407;8196.0;8;59;140;67;148;81;A116
A408;7022.0;10;89;138;99;148;49;A318;A298;A169
A409;3868.0;6;77;139;83;145;62;A181;A67;A71
A410;3505.0;6;109;116;115;122;7;A136;A35;A309
A411;7812.0;9;86;140;95;149;54;A142;A383
A412;9165.0;10;108;146;118;156;38;A189;A401;A403
A413;4747.0;6;66;119;72;125;53;A91;A162
A414;6256.0;1;76;155;77;156;79;A356;A44
A415;5655.0;2;87;154;89;156;67;A273;A202;A149
A416;8341.0;9;103;135;112;144;32;A139;A235;A41
A417;9150.0;6;54;126;60;132;72;A70;A151;A349
A418;7540.0;1;91;145;92;146;54;A150
A419;8479.0;6;59;131;65;137;72;A75
A420;6520.0;1;105;145;106;146;40;A285;A302;A91
A421;2845.0;1;96;133;97;134;37;A247;A264
A422;9541.0;5;95;143;100;148;48;A402;A394;A211
A423;5527.0;1;112;144;113;145;32;A416
A424;1109.0;10;61;121;71;131;60;A386;A19
A425;7911.0;2;124;154;126;156;30;A369
A426;8760.0;5;65;151;70;156;86;A419;A171
A427;8059.0;7;105;135;112;142;30;A13;A117;A302
A428;3382.0;5;37;122;42;127;85;A64;A6
A429;7610.0;1;37;147;38;148;110;A4;A194;A293
A430;4851.0;4;71;140;75;144;69;A346;A308
A431;2690.0;3;116;134;119;137;18;A352;A23;A353
A432;2407.0;3;99;138;102;141;39;A256
A433;8076.0;1;35;155;36;156;120;A274
A434;7743.0;8;124;148;132;156;24;A101;A369;A281
A435;4753.0;1;84;155;85;156;71;A328
A436;6821.0;9;38;132;47;141;94;A76;A83
A437;8482.0;8;112;148;120;156;36;A416;A171
A438;8070.0;6;98;140;104;146;42;A30;A250;A225
A439;2275.0;10;86;136;96;146;50;A383;A110;A15
A440;2284.0;1;116;120;117;121;4;A406;A301
A441;6509.0;3;101;143;104;146;42;A16;A216;A229
A442;7178.0;8;109;131;117;139;22;A343;A364;A424
A443;8327.0;10;84;105;94;115;21;A114;A234;A363
A444;1182.0;8;75;148;83;156;73;A228;A306
A445;1312.0;9;97;134;106;143;37;A421;A237
A446;2543.0;7;76;133;83;140;57;A271;A279;A183
A447;5800.0;4;90;145;94;149;55;A409;A39;A237
A448;4111.0;10;110;131;120;141;21;A232;A206
A449;5181.0;4;71;147;75;151;76;A424;A219
A450;4215.0;9;103;127;112;136;24;A244;A226
A451;1462.0;8;112;136;120;144;24;A450;A293;A177
A452;7923.0;5;42;127;47;132;85;A428
A453;3089.0;1;71;142;72;143;71;A397
A454;8716.0;2;55;140;57;142;85;A208;A19;A38
A455;3441.0;3;98;137;101;140;39;A401;A225;A399
A456;4699.0;6;97;140;103;146;43;A321;A276;A266
A457;9710.0;8;66;129;74;137;63;A314
A458;1455.0;2;103;136;105;138;33;A99;A139
A459;8694.0;1;99;148;100;149;49;A157
A460;8681.0;10;99;135;109;145;36;A200;A372;A376
A461;2118.0;2;106;135;108;137;29;A210
A462;9337.0;1;50;149;51;150;99;A344
A463;2042.0;9;20;135;29;144;115;A200
A464;5036.0;6;72;125;78;131;53;A413;A329;A48
A465;5297.0;3;100;152;103;155;52;A279;A187;A243
A466;2634.0;5;47;151;52;156;104;A31;A275
A467;6003.0;1;69;155;70;156;86;A276
A468;3753.0;1;76;155;77;156;79;A179
A469;4650.0;9;67;125;76;134;58;A255;A188;A349
A470;4009.0;6;115;150;121;156;35;A226;A380;A410
A471;3461.0;3;110;151;113;154;41;A279;A375
A472;5700.0;3;88;151;91;154;63;A387
A473;4961.0;1;73;150;74;151;77;A391
A474;4751.0;2;61;143;63;145;82;A166;A40
A475;7204.0;7;88;149;95;156;61;A113;A338;A124
A476;6601.0;9;72;137;81;146;65;A59;A186;A4
A477;1863.0;10;115;122;125;132;7;A263;A91;A410
A478;5924.0;9;82;138;91;147;56;A199;A6
A479;4249.0;6;105;138;111;144;33;A458;A42;A392
A480;6867.0;9;64;142;73;151;78;A362;A405
A481;9354.0;5;42;136;47;141;94;A72
A482;5774.0;6;90;147;96;153;57;A12;A332;A284
A483;2811.0;1;102;143;103;144;41;A288;A293
A484;1513.0;9;49;139;58;148;90;A122
A485;7087.0;9;88;147;97;156;59;A349;A338
A486;6288.0;7;111;149;118;156;38;A258;A168;A134
A487;3191.0;10;90;133;100;143;43;A284;A186
A488;8377.0;9;112;142;121;151;30;A427;A454;A346
A489;2123.0;4;87;127;91;131;40;A206;A344
A490;1983.0;9;98;139;107;148;41;A379;A361;A207
A491;5574.0;10;91;131;101;141;40;A489;A35
A492;5630.0;5;76;136;81;141;60;A327
A493;2876.0;6;88;144;94;150;56;A338
A494;2818.0;5;100;143;105;148;43;A487
A495;2623.0;8;108;137;116;145;29;A419;A461
A496;2496.0;9;115;115;124;124;0;A443;A381
A497;6959.0;8;108;119;116;127;11;A157;A265;A357
A498;8642.0;4;109;145;113;149;36;A460;A298
A499;8008.0;4;69;152;73;156;83;A242;A320
A500;4659.0;3;100;135;103;138;35;A236;A154
A501;3410.0;4;100;152;104;156;52;A422;A190
A502;6186.0;2;33;153;35;155;120;A399
A503;1960.0;6;75;150;81;156;75;A291;A96;A344
A504;7160.0;1;100;148;101;149;48;A172;A363
A505;9202.0;5;100;150;105;155;50;A50;A311;A154
A506;7908.0;2;89;151;91;153;62;A65;A33
A507;2456.0;10;117;139;127;149;22;A442
A508;4283.0;2;116;153;118;155;37;A37;A406;A259
A509;3149.0;2;114;154;116;156;40;A300
A510;5256.0;9;104;146;113;155;42;A154;A438;A483
A511;1654.0;3;84;148;87;151;64;A41;A328
A512;2250.0;2;99;143;101;145;44;A308;A157;A298
A513;5378.0;5;101;150;106;155;49;A491;A209;A27
A514;9321.0;2;57;154;59;156;97;A37
A515;1874.0;2;42;145;44;147;103;A173
A516;8502.0;10;38;125;48;135;87;A76
A517;1922.0;1;87;154;88;155;67;A273
A518;4321.0;8;102;142;110;150;40;A372;A432;A44
A519;4978.0;1;76;143;77;144;67;A327;A40
A520;8750.0;9;72;145;81;154;73;A453;A49
A521;8872.0;3;94;153;97;156;59;A515;A99;A231
A522;1307.0;3;106;146;109;149;40;A332;A420
A523;4561.0;8;117;132;125;140;15;A440
A524;5169.0;4;32;152;36;156;120;A21
A525;4283.0;2;81;126;83;128;45;A40;A36;A218
A526;9265.0;2;96;144;98;146;48;A247
A527;5789.0;4;46;148;50;152;102;A81
A528;4307.0;4;100;131;104;135;31;A154
A529;2211.0;6;84;150;90;156;66;A363;A85;A71
A530;1281.0;2;91;154;93;156;63;A472;A178
A531;3234.0;2;67;145;69;147;78;A56
A532;6657.0;4;83;118;87;122;35;A331
A533;2150.0;6;106;150;112;156;44;A210
A534;3577.0;10;94;129;104;139;35;A345;A167
A535;6560.0;8;73;132;81;140;59;A310
A536;4527.0;8;117;138;125;146;21;A440;A350;A292
A537;2081.0;9;81;140;90;149;59;A535
A538;8265.0;3;52;153;55;156;101;A353
A539;3279.0;10;125;140;135;150;15;A228;A523;A219
A540;9521.0;4;112;152;116;156;40;A175;A53;A427
A541;7325.0;3;120;148;123;151;28;A122;A448;A62
A542;2528.0;4;27;141;31;145;114;A10
A543;3744.0;8;61;138;69;146;77;A386
A544;9259.0;8;84;130;92;138;46;A220;A4;A50
A545;3168.0;2;81;154;83;156;73;A476
A546;4756.0;8;87;122;95;130;35;A532;A298
A547;2652.0;2;95;130;97;132;35;A49;A546
A548;3066.0;5;96;145;101;150;49;A542;A247
A549;3780.0;3;31;138;34;141;107;A366
A550;7242.0;3;20;143;23;146;123;A5
A551;7329.0;7;109;149;116;156;40;A522;A256
A552;6336.0;7;115;139;122;146;24;A381;A54
A553;5378.0;4;78;152;82;156;74;A449;A164;A59
A554;9747.0;6;101;150;107;156;49;A548;A462
A555;9165.0;6;124;135;130;141;11;A496;A171;A528
A556;5071.0;5;31;151;36;156;120;A68
A557;2305.0;4;108;137;112;141;29;A24;A189
A558;8148.0;2;101;154;103;156;53;A229;A219
A559;6180.0;3;77;144;80;147;67;A430;A55;A276
A560;4177.0;1;41;155;42;156;114;A18
A561;4565.0;7;106;143;113;150;37;A136;A350;A445
A562;9237.0;1;90;149;91;150;59;A537;A209;A90
A563;6860.0;1;68;155;69;156;87;A105;A224
A564;1707.0;8;116;148;124;156;32;A495;A408
A565;6532.0;10;116;127;126;137;11;A497
A566;7211.0;7;87;149;94;156;62;A542;A24;A126
A567;5256.0;6;74;147;80;153;73;A277;A13
A568;8782.0;3;113;153;116;156;40;A409;A213
A569;3189.0;2;41;139;43;141;98;A167
A570;3517.0;2;79;143;81;145;64;A182;A340;A453
A571;1805.0;1;104;155;105;156;51;A441;A517;A44
A572;4265.0;1;95;137;96;138;42;A546;A89;A5
A573;2977.0;7;92;138;99;145;46;A215;A544
A574;4120.0;10;73;146;83;156;73;A391
A575;2587.0;10;120;144;130;154;24;A382;A448
A576;2460.0;2;54;153;56;155;99;A70
A577;2960.0;9;125;147;134;156;22;A10;A536
A578;2013.0;4;119;137;123;141;18;A352;A431;A72
A579;6240.0;5;104;146;109;151;42;A298;A80;A441
A580;6429.0;4;102;148;106;152;46;A288;A429;A292
A581;5416.0;9;45;141;54;150;96;A262
A582;4274.0;3;96;146;99;149;50;A276;A88;A439
A583;1284.0;9;111;144;120;153;33;A479;A182
A584;5689.0;2;107;137;109;139;30;A428;A127
A585;6416.0;10;114;137;124;147;23;A300;A318;A457
A586;2209.0;1;110;155;111;156;45;A172;A103;A232
A587;5148.0;3;35;139;38;142;104;A274
A588;4475.0;6;76;134;82;140;58;A469
A589;4751.0;2;124;154;126;156;30;A528;A585;A103
A590;8195.0;7;130;141;137;148;11;A578;A555;A549
A591;3371.0;1;105;155;106;156;50;A222;A491;A505
A592;2210.0;1;52;140;53;141;88;A84
A593;3358.0;10;104;146;114;156;42;A307;A234;A175
A594;9342.0;1;80;155;81;156;75;A109;A6;A66
A595;1860.0;1;51;151;52;152;100;A190
A596;4611.0;8;119;148;127;156;29;A431;A73
A597;5906.0;4;103;144;107;148;41;A463;A483
A598;9221.0;1;104;155;105;156;51;A251;A441
A599;7115.0;4;81;152;85;156;71;A535
A600;6916.0;10;21;146;31;156;125;A66
A601;2560.0;6;87;142;93;148;55;A273;A151
A602;3276.0;4;65;152;69;156;87;A78;A360
A603;9024.0;1;59;155;60;156;96;A261;A502;A333
A604;6882.0;10;99;127;109;137;28;A99;A157
A605;6070.0;4;117;121;121;125;4;A440;A357;A342
A606;5653.0;1;94;142;95;143;48;A587;A304
A607;9735.0;4;112;142;116;146;30;A263
A608;8817.0;8;124;124;132;132;0;A305;A496
A609;8346.0;2;104;154;106;156;50;A438
A610;5216.0;2;75;151;77;153;76;A449;A31
A611;1705.0;6;120;141;126;147;21;A492;A16;A448
A612;5872.0;3;81;145;84;148;64;A413;A570
A613;6031.0;1;64;154;65;155;90;A195;A452
A614;6418.0;4;58;128;62;132;70;A155
A615;2187.0;4;81;152;85;156;71;A23;A595;A570
A616;9007.0;8;101;141;109;149;40;A273;A142;A491
A617;6889.0;1;90;155;91;156;65;A92;A164;A378
A618;6329.0;4;83;128;87;132;45;A59;A366;A525
A619;3030.0;4;120;152;124;156;32;A448;A204;A276
A620;6599.0;2;84;148;86;150;64;A146;A403;A132
A621;7749.0;1;118;155;119;156;37;A508;A327;A98
A622;8656.0;8;34;146;42;154;112;A102
A623;4312.0;1;37;155;38;156;118;A194
A624;9658.0;7;68;149;75;156;81;A111
A625;7156.0;5;49;141;54;146;92;A569;A394
A626;6387.0;10;38;146;48;156;108;A293;A76
A627;9298.0;5;116;151;121;156;35;A170;A134;A497
A628;7082.0;10;86;146;96;156;60;A78;A235;A372
A629;5154.0;3;90;149;93;152;59;A378;A311;A106
A630;2220.0;9;79;127;88;136;48;A298;A36
A631;3817.0;4;88;152;92;156;64;A257;A333
A632;7612.0;8;119;139;127;147;20;A431;A532;A584
A633;7340.0;10;88;128;98;138;40;A338
A634;8988.0;9;95;143;104;152;48;A606;A190
A635;8401.0;5;103;151;108;156;48;A249;A111
A636;5770.0;1;99;152;100;153;53;A377
A637;2036.0;6;88;150;94;156;62;A630
A638;6207.0;6;117;150;123;156;33;A581;A440;A154
A639;4068.0;6;98;146;104;152;48;A633;A286;A115
A640;9816.0;1;108;146;109;147;38;A59;A393;A189
A641;8098.0;9;127;147;136;156;20;A309;A49;A632
A642;7103.0;9;103;145;112;154;42;A500;A457;A474
A643;6644.0;3;68;148;71;151;80;A167;A44
A644;5341.0;2;66;143;68;145;77;A188
A645;6860.0;8;90;148;98;156;58;A324
A646;5975.0;1;95;155;96;156;60;A606;A224;A511
A647;9356.0;3;127;147;130;150;20;A632
A648;5136.0;10;116;146;126;156;30;A336;A607
A649;7334.0;6;98;146;104;152;48;A95;A361
A650;4607.0;5;86;132;91;137;46;A350;A417;A614
A651;1390.0;10;87;137;97;147;50;A618
A652;9772.0;6;56;150;62;156;94;A359
A653;5954.0;5;84;151;89;156;67;A380;A643
A654;6361.0;3;106;144;109;147;38;A373;A61;A269
A655;6179.0;6;107;148;113;154;41;A597
A656;6619.0;3;80;153;83;156;73;A567;A56;A592
A657;3031.0;2;98;154;100;156;56;A526
A658;1799.0;9;37;136;46;145;99;A64;A124
A659;1328.0;1;106;155;107;156;49;A513;A59
A660;5227.0;3;61;142;64;145;81;A166
A661;2065.0;6;50;150;56;156;100;A106
A662;3785.0;1;76;155;77;156;79;A179
A663;7505.0;7;126;137;133;144;11;A565;A405;A604
A664;3787.0;9;80;147;89;156;67;A559
A665;8614.0;8;94;148;102;156;54;A345;A282;A168
A666;3742.0;1;103;146;104;147;43;A31;A456
A667;3982.0;1;97;155;98;156;58;A259;A337;A651
A668;7210.0;6;91;150;97;156;59;A562
A669;8321.0;5;104;149;109;154;45;A361;A299;A447
A670;9185.0;9;46;147;55;156;101;A658
A671;1974.0;7;121;125;128;132;4;A60;A231;A605
A672;2828.0;8;97;148;105;156;51;A421
A673;4409.0;10;112;138;122;148;26;A500;A263
A674;4242.0;9;100;143;109;152;43;A134;A154
A675;9067.0;4;109;152;113;156;43;A522
A676;9147.0;2;116;145;118;147;29;A80;A495;A658
A677;8976.0;3;93;153;96;156;60;A286
A678;9153.0;9;128;132;137;141;4;A671;A452;A217
A679;9982.0;2;83;135;85;137;52;A516;A60
A680;9994.0;8;91;148;99;156;57;A489
A681;3968.0;9;44;147;53;156;103;A515
A682;8698.0;6;97;147;103;153;50;A335
A683;7221.0;6;93;150;99;156;57;A601;A344;A90
A684;8218.0;8;44;148;52;156;104;A119
A685;2516.0;3;99;145;102;148;46;A117;A573
A686;5359.0;9;125;132;134;141;7;A268;A93;A477
A687;9803.0;3;67;153;70;156;86;A160;A52;A42
A688;4427.0;8;112;141;120;149;29;A481;A458;A557
A689;2807.0;10;70;139;80;149;69;A244
A690;1123.0;2;90;154;92;156;64;A89;A148;A324
A691;3517.0;3;109;153;112;156;44;A264;A674;A644
A692;3713.0;8;116;142;124;150;26;A352;A358
A693;4107.0;4;91;152;95;156;61;A542;A336;A478
A694;7025.0;7;122;149;129;156;27;A582;A673;A102
A695;6739.0;10;122;146;132;156;24;A552;A526;A337
A696;3318.0;10;96;138;106;148;42;A43;A572
A697;4043.0;5;122;151;127;156;29;A552;A58
A698;1571.0;1;39;155;40;156;116;A82
A699;5015.0;6;42;142;48;148;100;A131
A700;3008.0;5;89;151;94;156;62;A318;A77
A701;2207.0;3;113;145;116;148;32;A213
A702;2857.0;5;94;151;99;156;57;A73;A36;A345
A703;2111.0;4;104;152;108;156;48;A639
A704;6845.0;5;31;151;36;156;120;A83
A705;2779.0;3;68;153;71;156;85;A644
A706;4952.0;10;132;132;142;142;0;A608;A63;A618
A707;3511.0;8;124;147;132;155;23;A95;A496;A651
A708;3556.0;9;104;141;113;150;37;A209;A299;A432
A709;9332.0;7;80;149;87;156;69;A105;A140
A710;7867.0;10;84;146;94;156;62;A220
A711;5859.0;8;111;148;119;156;37;A685;A258
A712;2860.0;7;112;149;119;156;37;A427;A295
A713;3461.0;6;52;146;58;152;94;A21;A311;A183
A714;8871.0;10;125;146;135;156;21;A536
A715;9673.0;8;87;141;95;149;54;A126
A716;9749.0;1;91;155;92;156;64;A630;A12;A506
A717;5707.0;2;52;148;54;150;96;A84
A718;5956.0;9;70;147;79;156;77;A275;A204
A719;9250.0;6;133;144;139;150;11;A663
A720;1727.0;5;109;151;114;156;42;A579;A46;A428
A721;1954.0;4;106;152;110;156;46;A38;A580
A722;3054.0;1;101;140;102;141;39;A455;A57;A208
A723;7643.0;2;98;154;100;156;56;A225;A478
A724;5383.0;1;113;155;114;156;42;A510;A307;A318
A725;2517.0;10;85;137;95;147;52;A679
A726;8077.0;8;84;148;92;156;64;A118;A612
A727;2670.0;4;95;152;99;156;57;A629;A411
A728;2251.0;3;108;146;111;149;38;A189
A729;4086.0;4;44;150;48;154;106;A312
A730;9201.0;2;97;147;99;149;50;A421
A731;6989.0;6;51;143;57;149;92;A190
A732;8044.0;3;58;148;61;151;90;A484;A83
A733;8032.0;9;86;147;95;156;61;A354;A370
A734;5294.0;8;92;148;100;156;56;A419;A370;A544
A735;4897.0;7;100;149;107;156;49;A459
A736;9679.0;9;98;145;107;154;47;A660;A225
A737;6616.0;10;91;137;101;147;46;A394;A650;A21
A738;5419.0;7;67;139;74;146;72;A259
A739;6664.0;2;104;154;106;156;50;A188;A299;A88
A740;5326.0;8;115;148;123;156;33;A19;A297;A242
A741;6600.0;3;120;153;123;156;33;A413;A451;A380
A742;7241.0;9;22;140;31;149;118;A9
A743;7525.0;2;59;152;61;154;93;A116
A744;5192.0;9;83;147;92;156;64;A60
A745;9467.0;10;97;132;107;142;35;A547
A746;5368.0;4;78;146;82;150;68;A204;A464
A747;7239.0;8;112;148;120;156;36;A416;A597
A748;5052.0;4;104;152;108;156;48;A299;A139;A56
A749;4931.0;5;86;142;91;147;56;A383
A750;1256.0;3;121;153;124;156;32;A636;A61;A488
A751;3906.0;2;95;147;97;149;52;A725
A752;1866.0;4;88;152;92;156;64;A713;A387
A753;8543.0;7;47;141;54;148;94;A436
A754;3500.0;5;100;151;105;156;51;A173;A480;A154
A755;2691.0;6;31;150;37;156;119;A542
A756;4004.0;5;97;149;102;154;52;A715;A651
A757;4865.0;8;107;148;115;156;41;A490;A114
A758;8515.0;2;94;154;96;156;60;A417;A304;A355
A759;6474.0;4;94;152;98;156;58;A73
A760;4980.0;10;108;141;118;151;33;A461;A154
A761;5271.0;10;82;140;92;150;58;A588
A762;6830.0;4;63;147;67;151;84;A379;A141
A763;6997.0;6;121;142;127;148;21;A401;A605
A764;9704.0;5;111;149;116;154;38;A728;A660
A765;3751.0;9;104;147;113;156;43;A666
A766;7401.0;7;116;149;123;156;33;A406;A258
A767;7083.0;2;61;154;63;156;93;A743
A768;2127.0;1;72;155;73;156;83;A729;A1;A453
A769;1251.0;9;88;136;97;145;48;A223;A630
A770;3380.0;2;111;154;113;156;43;A756;A479
A771;7875.0;9;124;147;133;156;23;A737;A676;A585
A772;1835.0;4;109;152;113;156;43;A674;A625;A290
A773;8125.0;3;103;153;106;156;50;A303
A774;7335.0;8;142;148;150;156;6;A512;A706;A304
A775;6075.0;3;87;153;90;156;66;A419;A254;A532
A776;1323.0;7;120;149;127;156;29;A318;A688
A777;9143.0;2;120;144;122;146;24;A133;A451
A778;7428.0;2;88;146;90;148;58;A630;A346
A779;7718.0;6;113;145;119;151;32;A228;A423
A780;5458.0;4;74;152;78;156;78;A51;A457
A781;8034.0;10;92;146;102;156;54;A418;A625
A782;4291.0;5;71;141;76;146;70;A161;A186;A274
A783;1968.0;4;94;152;98;156;58;A374
A784;4104.0;1;103;155;104;156;52;A465;A576
A785;8946.0;10;104;146;114;156;42;A782;A528;A36
A786;6936.0;10;95;146;105;156;51;A136;A738
A787;7443.0;7;102;146;109;153;44;A288;A163
A788;4628.0;8;137;148;145;156;11;A590;A494;A778
A789;8750.0;7;57;149;64;156;92;A625;A731
A790;5762.0;7;80;149;87;156;69;A140
A791;4792.0;8;107;148;115;156;41;A268;A699;A177
A792;6589.0;6;77;144;83;150;67;A519
A793;2727.0;1;101;155;102;156;54;A346;A379;A548
A794;6794.0;1;116;155;117;156;39;A224;A613;A764
A795;3146.0;8;98;148;106;156;50;A207
A796;3026.0;7;99;149;106;156;50;A376
A797;5363.0;6;25;150;31;156;125;A197
A798;1270.0;10;107;142;117;152;35;A745
A799;6060.0;10;142;142;152;152;0;A436;A706
A800;9671.0;7;91;149;98;156;58;A650;A332
A801;4900.0;8;68;144;76;152;76;A265
A802;4385.0;3;117;152;120;155;35;A798;A109
A803;9082.0;2;130;154;132;156;24;A575;A62;A123
A804;2743.0;8;101;145;109;153;44;A234;A235;A512
A805;6720.0;3;90;153;93;156;63;A184;A61;A610
A806;4402.0;8;78;131;86;139;53;A464;A5
A807;8083.0;4;127;152;131;156;25;A632;A113;A481
A808;5530.0;2;107;154;109;156;47;A745;A639;A276
A809;5663.0;3;40;153;43;156;113;A86
A810;4418.0;2;104;154;106;156;50;A447;A666
A811;4114.0;7;113;149;120;156;36;A498;A143;A504
A812;7472.0;10;83;146;93;156;63;A32;A72;A409
A813;2454.0;3;108;153;111;156;45;A175;A461;A199
A814;3902.0;3;46;153;49;156;107;A658
A815;6131.0;3;96;153;99;156;57;A482
A816;8408.0;10;100;146;110;156;46;A476;A165;A100
A817;9495.0;2;89;154;91;156;65;A373
A818;9799.0;6;113;150;119;156;37;A401;A717;A561
A819;9016.0;8;122;148;130;156;26;A753;A673
A820;6787.0;1;107;154;108;155;47;A736;A515
A821;5675.0;1;91;155;92;156;64;A273;A45;A283
A822;7501.0;2;113;154;115;156;41;A343;A471;A751
A823;4716.0;10;55;146;65;156;91;A38
A824;8115.0;4;32;152;36;156;120;A17
A825;3928.0;7;120;149;127;156;29;A263;A688;A570
A826;3866.0;7;99;149;106;156;50;A730
A827;7852.0;9;104;139;113;148;35;A153;A534
A828;6579.0;7;95;149;102;156;54;A715;A516
A829;8338.0;5;66;151;71;156;85;A153
A830;5195.0;4;76;152;80;156;76;A801;A527;A333
A831;3047.0;3;98;138;101;141;40;A633;A24;A187
A832;4070.0;5;123;151;128;156;28;A541;A616
A833;1716.0;10;88;145;98;155;57;A338;A175;A337
A834;7577.0;3;108;150;111;153;42;A289;A189
A835;1058.0;10;83;140;93;150;57;A446;A3;A1
A836;6654.0;8;93;148;101;156;55;A155;A601;A69
A837;8478.0;9;109;147;118;156;38;A478;A531;A654
A838;4509.0;10;68;146;78;156;78;A132
A839;1575.0;6;124;150;130;156;26;A32;A620;A692
A840;9909.0;5;60;151;65;156;91;A162
A841;2660.0;3;109;153;112;156;44;A252;A804;A397
A842;5524.0;8;39;133;47;141;94;A170
A843;7101.0;10;81;146;91;156;65;A476
A844;8831.0;10;95;139;105;149;44;A115
A845;6007.0;2;50;154;52;156;104;A344
A846;4620.0;3;113;153;116;156;40;A570;A213
A847;5876.0;4;104;152;108;156;48;A180
A848;3078.0;5;107;151;112;156;44;A66;A490;A56
A849;5181.0;2;80;154;82;156;74;A567;A342
A850;4377.0;8;102;141;110;149;39;A842;A321;A722
A851;5756.0;9;52;147;61;156;95;A36;A289
A852;8801.0;3;112;153;115;156;41;A327;A427;A168
A853;2116.0;5;118;151;123;156;33;A760
A854;6780.0;6;130;150;136;156;20;A14;A647;A184
A855;5107.0;5;95;151;100;156;56;A255;A715
A856;7208.0;7;105;149;112;156;44;A844
A857;3018.0;8;107;147;115;155;40;A127;A247;A198
A858;8041.0;4;127;148;131;152;21;A326;A763
A859;7578.0;7;127;149;134;156;22;A507;A73
A860;8106.0;4;37;152;41;156;115;A64
A861;1679.0;10;72;146;82;156;74;A413
A862;4920.0;1;132;155;133;156;23;A707;A184
A863;2047.0;2;46;154;48;156;108;A658
A864;2373.0;4;75;143;79;147;68;A178
A865;7840.0;4;22;139;26;143;117;A9
A866;9481.0;2;109;154;111;156;45;A669
A867;7560.0;6;127;150;133;156;23;A763;A463;A312
A868;9659.0;9;137;141;146;150;4;A678
A869;3421.0;3;109;153;112;156;44;A10;A787;A56
A870;6488.0;7;97;149;104;156;52;A265;A87;A751
A871;2271.0;7;62;149;69;156;87;A658;A251
A872;2341.0;2;99;154;101;156;55;A169;A341;A256
A873;5226.0;5;74;151;79;156;77;A473
A874;8739.0;3;122;153;125;156;31;A552;A722
A875;6736.0;5;87;151;92;156;64;A511
A876;3534.0;4;32;152;36;156;120;A21;A61;A151
A877;3082.0;4;152;152;156;156;0;A799
A878;4165.0;10;87;146;97;156;59;A58;A532;A186
A879;3251.0;7;104;149;111;156;45;A84;A411;A313
A880;6983.0;9;79;147;88;156;68;A864
A881;6438.0;8;124;148;132;156;24;A696;A373;A496
A882;9969.0;8;90;148;98;156;58;A324;A239;A378
A883;9075.0;9;76;147;85;156;71;A469
A884;4508.0;7;104;149;111;156;45;A37;A385
A885;8781.0;2;116;148;118;150;32;A701
A886;4890.0;6;139;150;145;156;11;A763;A489;A719
A887;1332.0;2;97;145;99;147;48;A769;A644;A337
A888;2483.0;4;76;148;80;152;72;A317;A193;A108
A889;1456.0;3;111;153;114;156;42;A834
A890;5411.0;9;90;147;99;156;57;A237
A891;1149.0;6;146;150;152;156;4;A868;A493
A892;8491.0;2;116;154;118;156;38;A764
A893;4509.0;6;134;141;140;147;7;A592;A686;A831
A894;5131.0;3;103;153;106;156;50;A682
A895;6652.0;6;106;150;112;156;44;A409;A210;A746
A896;6518.0;2;81;154;83;156;73;A476
A897;5005.0;8;74;148;82;156;74;A91;A306
A898;5117.0;3;91;153;94;156;62;A679;A506
A899;5516.0;10;122;146;132;156;24;A777
A900;5184.0;8;109;148;117;156;39;A604;A455;A407
A901;2483.0;2;97;154;99;156;57;A622;A547
A902;5137.0;5;122;151;127;156;29;A777;A309;A319
A903;7550.0;2;112;154;114;156;42;A642;A79
A904;6726.0;5;100;149;105;154;49;A290;A347;A689
A905;2987.0;3;95;143;98;146;48;A126;A20;A270
A906;6328.0;5;121;151;126;156;30;A488;A103;A309
A907;5187.0;1;115;155;116;156;40;A325;A223;A857
A908;5953.0;8;100;148;108;156;48;A422
A909;4902.0;9;63;147;72;156;84;A379
A910;6197.0;3;120;153;123;156;33;A478;A476;A583
A911;8204.0;4;131;152;135;156;21;A858
A912;7592.0;9;140;147;149;156;7;A893
A913;6165.0;6;135;150;141;156;15;A539;A835
A914;2981.0;7;116;149;123;156;33;A495;A236
A915;7885.0;10;41;139;51;149;98;A28
A916;1509.0;7;86;149;93;156;63;A383;A915
A917;6845.0;7;49;145;56;152;96;A394
A918;4070.0;2;44;154;46;156;110;A119
A919;2964.0;1;91;155;92;156;64;A50;A103;A749
A920;4703.0;10;86;139;96;149;53;A806
A921;1510.0;7;110;149;117;156;39;A850;A650;A504
A922;7901.0;4;104;152;108;156;48;A649;A106;A888
A923;7493.0;6;21;150;27;156;129;A66
A924;6972.0;7;114;149;121;156;35;A233;A301
A925;7791.0;2;26;154;28;156;128;A865
A926;1253.0;10;74;146;84;156;72;A306;A187
A927;4926.0;6;93;150;99;156;57;A110;A601;A562
A928;6026.0;2;48;154;50;156;106;A729
A929;6905.0;10;52;146;62;156;94;A92
A930;6693.0;9;100;147;109;156;47;A380;A487;A197
A931;4528.0;1;115;155;116;156;40;A857
A932;2306.0;3;68;153;71;156;85;A429;A224
A933;9331.0;1;94;153;95;154;59;A699;A443
A934;3650.0;10;22;146;32;156;124;A19
A935;4728.0;2;64;154;66;156;90;A239
A936;1259.0;1;122;155;123;156;33;A148;A365;A669
A937;1107.0;5;41;151;46;156;110;A105
A938;2048.0;5;47;151;52;156;104;A31
A939;3374.0;6;118;150;124;156;32;A651;A885;A377
A940;1410.0;3;87;143;90;146;56;A618;A865
A941;9671.0;3;65;153;68;156;88;A49
A942;1112.0;3;152;153;155;156;1;A799;A834;A110
A943;8158.0;6;116;150;122;156;34;A228;A406
A944;7755.0;1;108;155;109;156;47;A116;A22;A820
A945;3891.0;8;64;148;72;156;84;A660
A946;9606.0;3;80;153;83;156;73;A109;A155;A55
A947;2576.0;2;113;154;115;156;41;A655;A520;A391
A948;5885.0;6;113;150;119;156;37;A708;A792;A443
A949;6312.0;4;104;152;108;156;48;A634
A950;1582.0;9;76;147;85;156;71;A42;A240
A951;3608.0;8;113;148;121;156;35;A827;A252;A94
A952;4429.0;10;104;143;114;153;39;A389;A128
A953;5101.0;3;114;153;117;156;39;A952;A730
A954;5012.0;3;66;149;69;152;83;A174;A196
A955;1578.0;7;142;149;149;156;7;A920;A706
A956;1397.0;6;91;150;97;156;59;A562
A957;8619.0;1;118;155;119;156;37;A145;A761;A885
A958;1021.0;6;105;150;111;156;45;A582;A302
A959;7813.0;7;77;149;84;156;72;A158;A181;A234
A960;3748.0;8;105;148;113;156;43;A458;A23;A443
A961;2725.0;1;47;155;48;156;108;A26
A962;1414.0;3;126;153;129;156;27;A452;A215;A565
A963;5120.0;9;121;147;130;156;26;A605
A964;8399.0;10;69;146;79;156;77;A543
A965;9809.0;2;105;154;107;156;49;A244;A904;A293
A966;6479.0;6;88;150;94;156;62;A257
A967;1674.0;9;81;147;90;156;66;A202
A968;7406.0;9;109;147;118;156;38;A640;A293
A969;7702.0;9;99;147;108;156;48;A184;A887;A237
A970;7812.0;9;91;147;100;156;56;A749
A971;2746.0;4;113;152;117;156;39;A382;A917
A972;1989.0;7;84;149;91;156;65;A156;A742
A973;7736.0;10;90;146;100;156;56;A550;A940
A974;9702.0;10;98;146;108;156;48;A905
A975;6722.0;5;119;151;124;156;32;A411;A732;A779
A976;2736.0;6;134;150;140;156;16;A905;A686
A977;1634.0;8;94;148;102;156;54;A178;A99
A978;2260.0;5;91;151;96;156;60;A216
A979;6466.0;4;95;152;99;156;57;A176;A270;A954
A980;7727.0;1;87;155;88;156;68;A26;A618;A34
A981;2886.0;1;63;155;64;156;92;A119;A134;A474
A982;8509.0;7;109;149;116;156;40;A616;A625;A62
A983;9351.0;6;89;150;95;156;61;A373
A984;8848.0;5;41;151;46;156;110;A15
A985;2363.0;2;124;154;126;156;30;A692
A986;6238.0;5;67;151;72;156;84;A762;A80
A987;7947.0;2;95;154;97;156;59;A933;A407;A472
A988;6153.0;1;120;155;121;156;35;A802;A833;A150
A989;4664.0;3;116;153;119;156;37;A495
A990;3989.0;9;126;147;135;156;21;A155;A611;A66
A991;4117.0;9;68;147;77;156;79;A215;A265
A992;2385.0;6;92;150;98;156;58;A183;A915;A761
A993;4152.0;6;90;150;96;156;60;A284
A994;1767.0;1;47;155;48;156;108;A436
A995;1823.0;1;97;155;98;156;58;A547
A996;5778.0;3;39;153;42;156;114;A23
A997;5244.0;6;110;150;116;156;40;A177;A518
A998;7685.0;9;19;147;28;156;128;A278
A999;2342.0;5;99;151;104;156;52;A114;A582
A1000;0.0;0;104;156;104;156;52;A999
END;0.0;0;156;156;156;156;0
