State,Designation,Number,Timestamp,Temperature,Humidity
ON,cutting,1,2024-12-28 14:21:41,25.00,55.00
OP,drilling,2,2024-12-28 14:20:41,26.50,60.00
OFF,stopped,0,2024-12-28 14:19:41,30.00,65.00
OP,cutting,5,2024-12-28 18:20:53,0.00,0.00
OP,stuuf,4,2024-12-28 18:32:26,0.00,0.00
OP,stopped,3,2024-12-28 18:33:25,0.00,0.00
OP,state_change,0,2024-12-29 16:31:28,0.00,0.00
OP,cut,5,2024-12-29 16:31:28,0.00,0.00
OFF,state_change,state_change,0,2024-12-29 16:31:43,0.00,0.00
ON,state_change,0,2024-12-29 16:31:53,0.00,0.00
OP,state_change,0,2024-12-31 11:00:03,0.00,0.00
OP,cut,5,2024-12-31 11:00:03,0.00,0.00
OFF,state_change,state_change,0,2024-12-31 11:09:18,0.00,0.00
OFF,state_change,state_change,0,2024-12-31 11:12:01,0.00,0.00
ON,state_change,0,2024-12-31 17:48:45,0.00,0.00
OP,state_change,0,2024-12-31 17:49:51,0.00,0.00
OP,aa,3,2024-12-31 17:49:51,0.00,0.00
1,state_change,0,2025-01-02 18:03:54,0.00,0.00
OP,state_change,0,2025-01-02 18:04:54,0.00,0.00
OP,1,1,2025-01-02 18:04:54,0.00,0.00
1,state_change,0,2025-01-02 18:38:51,0.00,0.00
OP,state_change,0,2025-01-02 18:40:46,0.00,0.00
OP,aa,21,2025-01-02 18:40:46,0.00,0.00
q,state_change,0,2025-01-04 21:18:34,0.00,0.00
12,state_change,0,2025-01-04 22:17:05,0.00,0.00
ON,state_change,0,2025-01-04 22:20:12,0.00,0.00
OP,state_change,0,2025-01-04 22:20:42,0.00,0.00
OP,1,2,2025-01-04 22:20:42,0.00,0.00
OFFmstate_change,state_change,0,2025-01-04 22:26:24,0.00,0.00
OP,state_change,0,2025-01-05 11:43:52,0,0,0,0,0
OP,state_change,0,2025-01-05 12:02:13,0,0,0,0,0
OP,state_change,0,2025-01-05 14:21:55,0,0,0,0,0
ON,state_change,0,2025-01-05 16:13:32,0,0,0,0,0
ON,state_change,0,2025-01-05 19:13:28,0,0,0,0,0
ON,state_change,0,2025-01-05 19:18:00,0,0,0,0,0
ON,state_change,0,2025-01-05 19:18:59,0,0,0,0,0
OP,state_change,0,2025-01-05 19:19:31,0,0,0,0,0
OP,state_change,0,2025-01-05 19:22:04,0,0,0,0,0
ON,state_change,0,2025-01-05 19:23:25,0,0,0,0,0
ON,state_change,0,2025-01-05 19:26:41,0,0,0,0,0
ON,state_change,0,2025-01-05 20:08:22,0,0,0,0,0
OP,state_change,0,2025-01-05 20:16:38,0,0,0,0,0
ON,state_change,0,2025-01-05 20:33:56,0,0,0,0,0
OFF,state_change,0,2025-01-05 20:33:57,0,0,0,0,0
OP,state_change,0,2025-01-05 20:33:57,0,0,0,0,0
ON,state_change,0,2025-01-05 20:33:58,0,0,0,0,0
OFF,state_change,0,2025-01-05 20:33:59,0,0,0,0,0
OP,state_change,0,2025-01-05 20:33:59,0,0,0,0,0
OP,state_change,0,2025-01-05 20:34:00,0,0,0,0,0
ON,state_change,0,2025-01-05 20:34:00,0,0,0,0,0
OFF,state_change,0,2025-01-05 20:34:01,0,0,0,0,0
OP,state_change,0,2025-01-05 20:34:01,0,0,0,0,0
ON,state_change,0,2025-01-05 20:34:02,0,0,0,0,0
OFF,state_change,0,2025-01-05 20:34:02,0,0,0,0,0
OFF,state_change,0,2025-01-05 20:34:03,0,0,0,0,0
OP,state_change,0,2025-01-05 20:34:03,0,0,0,0,0
ON,state_change,0,2025-01-05 20:34:04,0,0,0,0,0
OFF,state_change,0,2025-01-05 20:34:05,0,0,0,0,0
OP,state_change,0,2025-01-05 20:34:05,0,0,0,0,0
ON,state_change,0,2025-01-05 20:34:06,0,0,0,0,0
ON,state_change,0,2025-01-05 21:04:38,0,0,0,0,0
OFF,state_change,0,2025-01-05 21:04:38,0,0,0,0,0
OP,state_change,0,2025-01-05 21:04:39,0,0,0,0,0
ON,state_change,0,2025-01-05 21:04:39,0,0,0,0,0
OFF,state_change,0,2025-01-05 21:04:40,0,0,0,0,0
OP,state_change,0,2025-01-05 21:04:40,0,0,0,0,0
OP,state_change,0,2025-01-05 21:04:41,0,0,0,0,0
ON,state_change,0,2025-01-05 21:04:41,0,0,0,0,0
OFF,state_change,0,2025-01-05 21:04:42,0,0,0,0,0
OP,state_change,0,2025-01-05 21:04:42,0,0,0,0,0
ON,state_change,0,2025-01-05 21:04:43,0,0,0,0,0
OFF,state_change,0,2025-01-05 21:04:43,0,0,0,0,0
OFF,state_change,0,2025-01-05 21:04:44,0,0,0,0,0
OP,state_change,0,2025-01-05 21:04:44,0,0,0,0,0
ON,state_change,0,2025-01-05 21:04:45,0,0,0,0,0
OFF,state_change,0,2025-01-05 21:04:45,0,0,0,0,0
OP,state_change,0,2025-01-05 21:04:46,0,0,0,0,0
ON,state_change,0,2025-01-05 21:04:46,0,0,0,0,0
OFF,state_change,0,2025-01-05 21:20:37,0,0,0,0,0
OP,state_change,0,2025-01-05 21:20:37,0,0,0,0,0
ON,state_change,0,2025-01-05 21:20:38,0,0,0,0,0
OFF,state_change,0,2025-01-05 21:20:38,0,0,0,0,0
OP,state_change,0,2025-01-05 21:20:39,0,0,0,0,0
ON,state_change,0,2025-01-05 21:20:39,0,0,0,0,0
OFF,state_change,0,2025-01-05 21:29:46,0,0,0,0,0
OP,state_change,0,2025-01-05 21:29:47,0,0,0,0,0
ON,state_change,0,2025-01-05 21:29:47,0,0,0,0,0
OFF,state_change,0,2025-01-05 21:29:48,0,0,0,0,0
OP,state_change,0,2025-01-05 21:29:48,0,0,0,0,0
ON,state_change,0,2025-01-05 21:29:49,0,0,0,0,0
OFF,state_change,0,2025-01-05 21:55:35,0,0,0,0,0
OFF,state_change,0,2025-01-05 22:00:54,0,0,0,0,0
OFF,state_change,0,2025-01-05 22:02:14,0,0,0,0,0
OFF,state_change,0,2025-01-05 22:02:42,0,0,0,0,0
OP,state_change,0,2025-01-05 22:02:43,0,0,0,0,0
ON,state_change,0,2025-01-05 22:02:43,0,0,0,0,0
OFF,state_change,0,2025-01-05 22:02:44,0,0,0,0,0
ON,state_change,0,2025-01-05 22:02:45,0,0,0,0,0
ON,state_change,0,2025-01-05 22:12:27,0,0,0,0,0
OFF,state_change,0,2025-01-05 22:12:27,0,0,0,0,0
OFF,state_change,0,2025-01-05 22:12:28,0,0,0,0,0
OP,state_change,0,2025-01-05 22:12:26,0,0,0,0,0
OFF,state_change,0,2025-01-05 22:12:26,0,0,0,0,0
ON,state_change,0,2025-01-05 22:12:27,0,0,0,0,0
OFF,state_change,0,2025-01-05 22:12:27,0,0,0,0,0
ON,state_change,0,2025-01-05 22:12:28,0,0,0,0,0
ON,state_change,0,2025-01-05 22:14:00,0,0,0,0,0
OFF,state_change,0,2025-01-05 22:14:01,0,0,0,0,0
OFF,state_change,0,2025-01-05 22:14:01,0,0,0,0,0
OP,state_change,0,2025-01-05 22:14:02,0,0,0,0,0
ON,state_change,0,2025-01-05 22:14:02,0,0,0,0,0
OP,state_change,0,2025-01-05 22:14:03,0,0,0,0,0
ON,state_change,0,2025-01-05 22:14:03,0,0,0,0,0
OFF,state_change,0,2025-01-05 22:14:04,0,0,0,0,0
OFF,state_change,0,2025-01-05 22:20:27,0,0,0,0,0
OP,state_change,0,2025-01-05 22:21:18,0,0,0,0,0
OP,state_change,0,2025-01-05 22:22:46,0,0,0,0,0
OFF,state_change,0,2025-01-05 22:24:42,0,0,0,0,0
OP,state_change,0,2025-01-05 22:24:42,0,0,0,0,0
ON,state_change,0,2025-01-05 22:24:43,0,0,0,0,0
OFF,state_change,0,2025-01-05 22:24:43,0,0,0,0,0
OFF,state_change,0,2025-01-05 22:25:37,0,0,0,0,0
OP,state_change,0,2025-01-05 22:26:21,0,0,0,0,0
OP,state_change,0,2025-01-05 22:27:25,0,0,0,0,0
ON,state_change,0,2025-01-05 22:29:55,0,0,0,0,0
ON,state_change,0,2025-01-05 22:37:12,0,0,0,0,0
ON,state_change,0,2025-01-05 22:38:01,0,0,0,0,0
OFF,state_change,0,2025-01-05 22:38:02,0,0,0,0,0
OFF,state_change,0,2025-01-05 22:38:02,0,0,0,0,0
OP,state_change,0,2025-01-05 22:38:03,0,0,0,0,0
ON,state_change,0,2025-01-05 22:38:03,0,0,0,0,0
OP,state_change,0,2025-01-05 22:38:04,0,0,0,0,0
ON,state_change,0,2025-01-05 22:38:04,0,0,0,0,0
OFF,state_change,0,2025-01-05 22:38:05,0,0,0,0,0
OP,state_change,0,2025-01-05 22:41:45,0,0,0,0,0
OP,state_change,0,2025-01-05 22:44:04,0,0,0,0,0
OP,state_change,0,2025-01-05 22:45:48,0,0,0,0,0
ON,state_change,0,2025-01-05 22:45:48,0,0,0,0,0
OFF,state_change,0,2025-01-05 22:47:59,0,0,0,0,0
OP,state_change,0,2025-01-05 22:47:59,0,0,0,0,0
OP,state_change,0,2025-01-05 22:48:00,0,0,0,0,0
OFF,state_change,0,2025-01-05 22:48:00,0,0,0,0,0
OFF,state_change,0,2025-01-05 22:48:01,0,0,0,0,0
OFF,state_change,0,2025-01-05 22:48:01,0,0,0,0,0
OFF,state_change,0,2025-01-05 22:48:02,0,0,0,0,0
OP,state_change,0,2025-01-05 22:49:25,0,0,0,0,0
ON,state_change,0,2025-01-05 22:51:39,0,0,0,0,0
